id,firstName,surname,dob,email,startDate
NULL,Claire,Ferguson,1969-11-07,gravida@incursuset.org,2008-04-11
NULL,Quyn,Glass,1991-08-09,sapien.cursus@nascetur.org,2012-02-17
NULL,Indira,Brooks,1964-06-29,Nullam.velit.dui@porttitorinterdum.co.uk,2006-09-02
NULL,Yoko,Cook,1974-12-21,Proin.velit@duiFusce.ca,2002-01-18
NULL,Jelani,Macdonald,1988-08-06,sed@Pellentesque.ca,2001-04-28
NULL,Bryar,Gallegos,1967-10-17,nascetur@convallisdolor.co.uk,2016-03-20
NULL,Kasimir,Butler,1993-12-12,vel.convallis.in@Morbiaccumsanlaoreet.org,2013-04-30
NULL,Melvin,Avila,1988-04-22,rutrum.eu.ultrices@elementum.ca,2007-06-12
NULL,Lacy,Wyatt,1975-11-06,est.mollis.non@Donec.org,2010-08-04
NULL,Cooper,Jimenez,1976-01-03,eu.elit@semperNamtempor.net,2001-12-18
NULL,Lana,Peterson,1995-04-09,ultrices.a@Duisrisusodio.net,1997-01-08
NULL,Keith,Boyd,1997-06-23,ligula.consectetuer.rhoncus@Donec.org,2004-10-28
NULL,Ramona,Walters,1985-10-27,egestas@Namac.co.uk,2007-05-25
NULL,Thor,Oneill,1979-11-18,volutpat@at.org,2009-10-24
NULL,Geraldine,Butler,1966-12-31,Suspendisse@nequeNullam.net,2005-04-29
NULL,Damon,Mckinney,1972-09-17,Proin.nisl.sem@inaliquet.edu,1996-05-01
NULL,Rana,Chandler,1963-07-14,nulla.Cras@Nam.edu,1998-03-10
NULL,Josiah,Heath,1967-12-16,sapien.Cras@elementumategestas.ca,2002-05-19
NULL,Rogan,Bird,1997-03-29,Proin.mi.Aliquam@Fusce.co.uk,2003-04-17
NULL,Chase,Mooney,1976-07-10,Integer.tincidunt.aliquam@Suspendisseacmetus.net,2015-03-04
NULL,Janna,Berger,1966-08-15,sagittis.felis.Donec@eu.org,2001-02-22
NULL,Acton,Cherry,1996-09-20,Vivamus@velesttempor.edu,2005-07-03
NULL,Charissa,Koch,1972-09-13,ipsum.Donec@Duiselementum.com,2017-01-27
NULL,Phillip,Gallagher,1970-12-17,erat.nonummy.ultricies@tellusNunclectus.co.uk,2017-06-13
NULL,Kennan,Tucker,1968-11-09,id.mollis.nec@velconvallis.ca,2014-01-27
NULL,Raymond,Watkins,1978-01-14,Aliquam@congueIn.edu,2013-04-05
NULL,Raymond,Chen,1991-04-18,magna.et.ipsum@uteratSed.co.uk,2003-07-25
NULL,Blythe,Alvarado,1979-09-08,dictum.sapien@ultricesposuerecubilia.com,2000-11-11
NULL,Candice,Perry,1978-12-18,nulla.Cras@hendrerita.org,1996-11-04
NULL,Oleg,Garrett,1981-10-20,mollis@quamvelsapien.net,2015-08-30
NULL,Jolene,Frost,1969-07-08,Phasellus.dapibus.quam@ante.org,2007-08-24
NULL,Asher,Petty,1980-03-06,Fusce@a.org,2004-04-09
NULL,Galena,Park,1994-10-12,ante.Nunc@sodalesnisimagna.net,2004-02-18
NULL,Hammett,Joyce,1994-09-01,Quisque.ornare.tortor@sociisnatoquepenatibus.org,2007-08-04
NULL,Evan,Head,1979-07-16,a@dui.org,1999-10-03
NULL,Chandler,Roach,1970-09-06,congue.turpis.In@nonegestas.co.uk,2012-06-01
NULL,Odysseus,Olson,1960-11-27,semper@leoelementumsem.org,2014-01-02
NULL,Piper,Herman,1992-08-28,Nunc.quis@ornare.org,1996-06-09
NULL,Talon,Ramirez,1967-04-26,sem@velit.net,2012-10-27
NULL,Malcolm,Pickett,1977-10-06,Pellentesque@ultricesVivamusrhoncus.net,2006-01-24
NULL,Zachery,Santos,1975-09-20,fringilla.est.Mauris@cursuset.edu,1999-01-31
NULL,Tate,Bates,1980-02-02,ac.sem.ut@pulvinar.net,2006-04-08
NULL,Nola,Mathews,1966-03-06,vel.faucibus@lacus.edu,2008-12-14
NULL,Nigel,Crawford,1996-06-09,pede.Praesent.eu@risusvariusorci.ca,2017-05-01
NULL,Daquan,Donaldson,1996-04-03,Aliquam@anteiaculis.co.uk,1996-01-03
NULL,Michael,Santos,1985-06-19,arcu.Morbi.sit@luctus.net,2013-09-29
NULL,Clarke,Cherry,1979-01-17,aliquet.Phasellus.fermentum@semperNam.com,2008-09-15
NULL,Thane,Woods,1973-11-05,risus.Donec.egestas@tellus.co.uk,2003-03-17
NULL,Kelly,Massey,1994-02-06,posuere.cubilia@Maurisnondui.com,2001-03-08
NULL,Xavier,Arnold,1997-02-18,gravida.sit.amet@imperdietnonvestibulum.com,2016-04-25
NULL,Nigel,Henderson,1966-02-23,a.neque@laciniaorci.com,2005-07-12
NULL,Anne,Salas,1982-09-21,Suspendisse.commodo@habitantmorbi.org,2015-03-21
NULL,Hyatt,Buckner,1982-01-03,Donec.sollicitudin.adipiscing@dictum.net,2016-03-13
NULL,Cain,Griffin,1963-02-01,Donec.porttitor@sit.org,2017-07-02
NULL,Finn,Buckner,1963-02-15,Sed.eu.eros@auctorvitaealiquet.ca,2017-08-25
NULL,John,Odonnell,1992-07-15,facilisi.Sed.neque@eratvolutpat.edu,1999-10-03
NULL,Cheryl,Bryan,1982-01-19,dolor.nonummy@lacus.edu,2014-07-19
NULL,Hilary,Melendez,1996-05-31,felis@duiSuspendisse.edu,2012-08-03
NULL,Rina,Holman,1975-09-12,nec@diamluctus.ca,2009-12-03
NULL,Isadora,Burris,1960-08-14,at@diam.com,2006-12-20
NULL,Blaze,Phillips,1979-05-28,eu.odio@nequeseddictum.net,2014-10-07
NULL,Leandra,Ruiz,1980-05-27,vitae@ac.co.uk,2013-04-01
NULL,Melissa,Glover,1963-01-12,viverra.Maecenas@nequeIn.ca,1999-01-29
NULL,Emmanuel,Davenport,1994-09-25,malesuada@milaciniamattis.org,1997-12-23
NULL,Jerome,Mullins,1966-10-28,augue.Sed@egetlaoreet.ca,1995-10-05
NULL,Erich,Saunders,1964-02-02,eu.odio@scelerisque.co.uk,2006-08-10
NULL,Irma,Gill,1980-07-29,Morbi.non.sapien@a.net,1997-02-02
NULL,Zoe,Foley,1983-04-30,sit.amet.luctus@anteNuncmauris.com,2011-11-30
NULL,Davis,Boyd,1971-01-27,magna.sed.dui@nibh.com,1996-09-07
NULL,Macey,Shannon,1978-10-11,ut.ipsum@purusmauris.net,2001-12-29
NULL,Sacha,Edwards,1971-03-29,est@maurisaliquameu.com,2013-04-15
NULL,Devin,Roth,1973-04-05,fringilla.mi@neque.edu,2006-12-18
NULL,Nicole,Pace,1968-04-12,pede@Donec.net,2012-09-03
NULL,Miriam,Ingram,1971-08-01,quam@Proindolor.net,2007-07-15